#,Métrica,Valor
1,Amostras,45.211
2,Features (antes / depois do encoding),15 / 80 (16 entradas brutas; 2 excluídas e 1 indicador acrescentado)
3,Features com ausentes,0 com NaN; 4 categóricas com unknown
4,Maior % de ausência em uma feature,"0,00% de NaN em todas as features; unknown: 81,75% em poutcome"
5,Linhas duplicadas,"0 (0,00%)"
6,Razão de desbalanceamento do alvo,"7,55:1 (no / yes)"
7,Acurácia (ou erro) do baseline trivial,"88,30% de acurácia, sempre prevendo no"
8,Maior correlação feature–alvo,"duration: 0,343 (Spearman no treino; excluída por vazamento)"
9,Amostras treino / teste após o split,36.168 / 9.043
